tenant_id,tenant_name,industry
T001,Apex Financial,Financial Services
T002,Northstar Capital,Financial Services
T003,BlueRock Consulting,Consulting
T004,Vertex Technology,Technology
T005,Harbour Legal,Legal
T006,Summit Partners,Consulting
T007,Atlas Insurance,Insurance
T008,Greenfield Energy,Energy
T009,Meridian Healthcare,Healthcare
T010,Crown Advisory,Consulting
T011,Sterling Investments,Financial Services
T012,Oakbridge Consulting,Consulting
T013,Redwood Analytics,Technology
T014,Pinnacle Media,Media
T015,Horizon Telecom,Technology
T016,Westbridge Bank,Financial Services
T017,Silverline Partners,Financial Services
T018,Lighthouse Digital,Technology
T019,Evergreen Holdings,Financial Services
T020,Granite Financial,Financial Services
T021,Prime Strategy,Consulting
T022,Urban Analytics,Technology
T023,Beacon Legal,Legal
T024,Riverside Capital,Financial Services
T025,Momentum Technologies,Technology
